-- phpMyAdmin SQL Dump
-- version 4.5.1
-- http://www.phpmyadmin.net
--
-- Servidor: 127.0.0.1
-- Tiempo de generación: 28-02-2017 a las 16:26:10
-- Versión del servidor: 10.1.16-MariaDB
-- Versión de PHP: 5.6.24

SET SQL_MODE = "NO_AUTO_VALUE_ON_ZERO";
SET time_zone = "+00:00";


/*!40101 SET @OLD_CHARACTER_SET_CLIENT=@@CHARACTER_SET_CLIENT */;
/*!40101 SET @OLD_CHARACTER_SET_RESULTS=@@CHARACTER_SET_RESULTS */;
/*!40101 SET @OLD_COLLATION_CONNECTION=@@COLLATION_CONNECTION */;
/*!40101 SET NAMES utf8mb4 */;

--
-- Base de datos: `bd_proyecto`
--

-- --------------------------------------------------------

--
-- Estructura de tabla para la tabla `tb_enfermedades`
--

CREATE TABLE `tb_enfermedades` (
  `id_enfermedad` int(10) NOT NULL,
  `enfermedad` varchar(100) NOT NULL,
  `recomendaciones` varchar(100) NOT NULL
) ENGINE=InnoDB DEFAULT CHARSET=latin1;

--
-- Volcado de datos para la tabla `tb_enfermedades`
--

INSERT INTO `tb_enfermedades` (`id_enfermedad`, `enfermedad`, `recomendaciones`) VALUES
(7, 'BRUCEL&Oacute;SIS', ''),
(8, 'C&Oacute;LERA PORCINO', ''),
(9, 'CRESTA AZUL', ''),
(10, 'ECTIMA CONTAGIOSO', ''),
(11, 'ECZEMA', ''),
(12, 'EDEMA MALIGNO', '');

-- --------------------------------------------------------

--
-- Estructura de tabla para la tabla `tb_informe`
--

CREATE TABLE `tb_informe` (
  `id_informe` int(10) NOT NULL,
  `id_enfermedad` int(10) NOT NULL,
  `id_sintomas` int(11) NOT NULL
) ENGINE=InnoDB DEFAULT CHARSET=latin1;

--
-- Volcado de datos para la tabla `tb_informe`
--

INSERT INTO `tb_informe` (`id_informe`, `id_enfermedad`, `id_sintomas`) VALUES
(2, 7, 3),
(3, 8, 4),
(4, 9, 5),
(5, 10, 6),
(6, 11, 7),
(7, 7, 1),
(8, 8, 3),
(9, 10, 5),
(10, 10, 2),
(11, 8, 6),
(12, 7, 5),
(13, 7, 7),
(14, 9, 7),
(15, 11, 1),
(16, 9, 5),
(17, 10, 1),
(18, 10, 2),
(19, 10, 3),
(20, 10, 4),
(21, 10, 4),
(22, 10, 5),
(23, 9, 11),
(24, 9, 9);

-- --------------------------------------------------------

--
-- Estructura de tabla para la tabla `tb_sintomas`
--

CREATE TABLE `tb_sintomas` (
  `id_sintomas` int(10) NOT NULL,
  `sintoma` varchar(30) NOT NULL
) ENGINE=InnoDB DEFAULT CHARSET=latin1;

--
-- Volcado de datos para la tabla `tb_sintomas`
--

INSERT INTO `tb_sintomas` (`id_sintomas`, `sintoma`) VALUES
(1, 'Fiebre'),
(2, 'dolor de cabeza'),
(3, ' aborto'),
(4, 'deshidratacion '),
(5, 'diarrea'),
(6, 'Hinchazon de los labios'),
(7, ' inmovilidad.'),
(8, 'cansancio'),
(9, 'bajo peso'),
(10, 'cojera'),
(11, 'ojos rojos');

-- --------------------------------------------------------

--
-- Estructura de tabla para la tabla `tb_usuarios`
--

CREATE TABLE `tb_usuarios` (
  `alias` varchar(50) NOT NULL,
  `nombres` varchar(50) NOT NULL,
  `apellidos` varchar(50) NOT NULL,
  `fecha_registro` date NOT NULL
) ENGINE=InnoDB DEFAULT CHARSET=latin1;

--
-- Volcado de datos para la tabla `tb_usuarios`
--

INSERT INTO `tb_usuarios` (`alias`, `nombres`, `apellidos`, `fecha_registro`) VALUES
('ese mismo', 'carlos arturo', 'rodriguez', '2017-02-01'),
('Salaz', 'jhon jairo', 'Salazar', '2017-02-28'),
('Peque', 'harley', 'satoyo', '2017-02-02'),
('cubides', 'jhonatan ', 'cubides', '2017-02-21');

--
-- Índices para tablas volcadas
--

--
-- Indices de la tabla `tb_enfermedades`
--
ALTER TABLE `tb_enfermedades`
  ADD PRIMARY KEY (`id_enfermedad`);

--
-- Indices de la tabla `tb_informe`
--
ALTER TABLE `tb_informe`
  ADD PRIMARY KEY (`id_informe`),
  ADD KEY `index_enfermdad` (`id_enfermedad`),
  ADD KEY `index_sintoma` (`id_sintomas`);

--
-- Indices de la tabla `tb_sintomas`
--
ALTER TABLE `tb_sintomas`
  ADD PRIMARY KEY (`id_sintomas`);

--
-- AUTO_INCREMENT de las tablas volcadas
--

--
-- AUTO_INCREMENT de la tabla `tb_enfermedades`
--
ALTER TABLE `tb_enfermedades`
  MODIFY `id_enfermedad` int(10) NOT NULL AUTO_INCREMENT, AUTO_INCREMENT=13;
--
-- AUTO_INCREMENT de la tabla `tb_informe`
--
ALTER TABLE `tb_informe`
  MODIFY `id_informe` int(10) NOT NULL AUTO_INCREMENT, AUTO_INCREMENT=25;
--
-- AUTO_INCREMENT de la tabla `tb_sintomas`
--
ALTER TABLE `tb_sintomas`
  MODIFY `id_sintomas` int(10) NOT NULL AUTO_INCREMENT, AUTO_INCREMENT=12;
--
-- Restricciones para tablas volcadas
--

--
-- Filtros para la tabla `tb_informe`
--
ALTER TABLE `tb_informe`
  ADD CONSTRAINT `tb_informe_ibfk_1` FOREIGN KEY (`id_enfermedad`) REFERENCES `tb_enfermedades` (`id_enfermedad`) ON DELETE CASCADE ON UPDATE CASCADE,
  ADD CONSTRAINT `tb_informe_ibfk_2` FOREIGN KEY (`id_sintomas`) REFERENCES `tb_sintomas` (`id_sintomas`) ON DELETE CASCADE ON UPDATE CASCADE;

/*!40101 SET CHARACTER_SET_CLIENT=@OLD_CHARACTER_SET_CLIENT */;
/*!40101 SET CHARACTER_SET_RESULTS=@OLD_CHARACTER_SET_RESULTS */;
/*!40101 SET COLLATION_CONNECTION=@OLD_COLLATION_CONNECTION */;
